hook_id,module,symbol,call_sites,trigger_dates,trigger_codes,affected_fields,behavior,semantic_type,disposition,reason,evidence,affects_selection,affects_state,affects_order,affects_fill,affects_nav,target_owner,handoff_requirement,disable_requirement,delete_requirement,acceptance_test,status,entry_count,year_tags,runtime_callsite_count,secondary_reference_count,unused_runtime,wave,direct_effect_scope,downstream_risk,empty_config,definition_count,forwarder_count,consumer_count,external_evidence_ref,external_evidence_status
engine.immediate_sell_cash_release,rebuild_from_archive.project_compat,EmotionGateJQCompat.immediate_sell_cash_release,"rebuild_from_archive/engine\core.py:872:            if getattr(self.compat, ""immediate_sell_cash_release"", False):; rebuild_from_archive/project_compat.py:35:    immediate_sell_cash_release = True",,,available_cash; locked_cash; positions_value,Release sell proceeds immediately after fill instead of waiting until end-of-day rollover.,market_rule,move_to_local_quant,"This is account and cash-settlement semantics, not project alpha logic.",rebuild_from_archive/project_compat.py sets immediate_sell_cash_release=True and engine/core.py consumes it in the sell-fill cash path.,False,False,True,True,True,local_quant,local_quant needs a first-class switch for sell-cash release timing so project code stops carrying the behavior flag.,Disable only after local_quant can reproduce the intended cash-release policy in native mode.,Delete when engine/core.py no longer checks compat.immediate_sell_cash_release and the policy lives in local_quant.,Inventory-only: verify engine/core.py still references immediate_sell_cash_release and classify it as local_quant-owned.,handoff_pending,1,,2,8,False,,cash_settlement,cash_path,False,0,0,2,,
market_data.corrupted_daily_limit_windows,rebuild_from_archive.compat.market_data,CORRUPTED_DAILY_LIMIT_WINDOWS,"rebuild_from_archive/engine\data_api.py:143:    def _should_bypass_history_fastpath(self, unit, fields, end_dt):; rebuild_from_archive/engine\data_api.py:149:                return bool(compat.should_bypass_history_fastpath(unit, fields, end_dt)); rebuild_from_archive/engine\data_api.py:438:                if self._should_bypass_history_fastpath(unit, fields_to_get, end_dt):; rebuild_from_archive/engine\data_api.py:820:            return self.compat.load_first_seal_year(year); rebuild_from_archive/engine\data_api.py:823:    def get_project_board_snapshot(self, date):; rebuild_from_archive/engine\data_api.py:825:            return self.compat.get_project_board_snapshot(date); rebuild_from_archive/project_compat.py:212:    def should_bypass_history_fastpath(self, unit, fields, end_dt):; rebuild_from_archive/project_compat.py:224:    def load_first_seal_year(self, year):; rebuild_from_archive/project_compat.py:247:    def get_project_board_snapshot(self, date):; rebuild_from_archive/project_compat.py:67:                engine.data_api.get_project_board_snapshot(*a, **kw); 母版-20260506-Clone.py:564:        board_df = get_project_board_snapshot(context.previous_date); 母版-20260506-Clone.py:666:        board_df = get_project_board_snapshot(context.previous_date)",,,pre_close; high_limit; low_limit; money; volume; board_snapshot; first_seal_time,Quarantine a known daily-data corruption window by bypassing fast-path history and suppressing selected cached features.,data_correction,investigate,"The 2026 corruption window is a source-data quality concern, but the full root cause and impact scope have not yet been independently verified. JQ vs local data difference possible.",Project currently has an explicit data isolation window used at runtime to bypass fast-path and caching. The root cause and full impact range still need HData audit confirmation.,True,True,False,False,True,hdata_candidate,HData or upstream cache metadata must publish corruption windows and field-level quarantine signals.,Disable only after raw-data quality flags propagate through cache build and runtime readers.,Delete after HData versioned quality metadata replaces project-specific date guards and all dependent caches respect the same rule.,External investigation branch codex/data-quality-propagation-audit at commit b951d3885f09fcc6d455675799a295c569af5439 (not accepted/not merged); requires verification via hdata_candidate queue,investigation_pending,1,,12,17,False,,data_shape,strategy_path,False,5,3,4,"codex/data-quality-propagation-audit branch, commit b951d3885f09fcc6d455675799a295c569af5439",unreviewed
market_data.tail_seal_anomalies,rebuild_from_archive.compat.market_data,TAIL_SEAL_ANOMALIES,"rebuild_from_archive/engine\data_api.py:851:                self.compat.get_tail_seal_override(day_key, sec); rebuild_from_archive/project_compat.py:114:    def get_tail_seal_override(self, date_key, security):; rebuild_from_archive/project_preprocess.py:137:                compat.get_tail_seal_override(f""{date_int:08d}"", code)",2020-07-13; 2021-11-15; 2022-12-26; 2025-08-13,000420.XSHE; 002487.XSHE; 300118.XSHE; 600711.XSHG; 603031.XSHG,first_limit_hit_time; seal_bucket; is_tail_seal,Inject observed first-seal timestamps when minute-derived first hit times diverge from archived reference runs.,unknown,investigate,These point fixes may reflect minute-data issues or JoinQuant snapshot behavior; current evidence does not prove the owner.,rebuild_from_archive/project_preprocess.py and engine/data_api.py both honor get_tail_seal_override for the same keyed timestamps.,True,False,False,False,False,investigation,"Need side-by-side evidence from minute source, derived first-seal cache, and mother reference to decide HData vs JQ archive ownership.",In local-native mode this group can be disabled only after first-seal behavior is proven acceptable without parity timestamps.,"Delete after either HData is fixed and caches are rebuilt, or the project explicitly archives JoinQuant-only seal answers.",tests/test_compat_entrypoints.py::test_call_auction_overrides_apply does not cover this hook; add targeted first-seal evidence before retirement.,investigation_pending,5,2020; 2021; 2022; 2025,3,3,False,,data_shape,strategy_path,False,1,0,2,,
market_data.minute_price_anomalies,rebuild_from_archive.compat.market_data,MINUTE_PRICE_ANOMALIES,"rebuild_from_archive/engine\core.py:1119:                override = self.compat.get_minute_price_override(day_key, norm_time, security); rebuild_from_archive/project_compat.py:82:    def get_minute_price_override(self, date_key, time_key, security):",2020-01-14; 2021-05-19; 2021-08-09; 2022-07-08; 2023-02-28; 2024-03-25; 2025-06-13; 2025-07-11; 2026-01-19,000592.XSHE; 000987.XSHE; 002056.XSHE; 002130.XSHE; 002176.XSHE; 002229.XSHE; 002310.XSHE; 002426.XSHE; 002470.XSHE,close; trade_price,Override minute-bar trade prices at specific timestamps to reproduce archived buy/sell boundary fills.,jq_platform_behavior,archive_jq_only,These are point answers for historical JoinQuant parity and do not describe a reusable market rule.,rebuild_from_archive/engine/core.py applies get_minute_price_override inside _apply_jq_minute_price_anomaly before returning trade prices.,False,False,False,True,True,jq_archive,Keep only in the JoinQuant replay profile; do not move into local-native market data behavior.,Safe first-wave disable candidate for local-native mode if some trade price and NAV drift is acceptable.,Delete once the project formally stops supporting JoinQuant minute-fill parity.,tests/test_compat_entrypoints.py::test_minute_and_execution_overrides,archive_candidate,10,2020; 2021; 2022; 2023; 2024; 2025; 2026,2,4,False,L1A,price,cash_path,False,1,0,1,,
market_data.daily_ipo_close_anomalies,rebuild_from_archive.compat.market_data,DAILY_IPO_CLOSE_ANOMALIES,"rebuild_from_archive/engine\data_api.py:181:                self.compat.get_daily_ipo_close_override(sec, end_int); rebuild_from_archive/engine\data_api.py:229:                    self.compat.get_daily_ipo_close_override(sec, end_int); rebuild_from_archive/project_compat.py:86:    def get_daily_ipo_close_override(self, security, date_int):",2020-08-04; 2020-08-25; 2020-09-16,605123.XSHG; 605255.XSHG; 605369.XSHG; 605399.XSHG,close; high_limit; low_limit; pre_close,Patch IPO sync-delay rows where the parity path expects prior close plus trailing NaN behavior.,jq_platform_behavior,archive_jq_only,"This behavior exists to mimic the historical JoinQuant return shape, not to express a stable local market-data rule.",engine/data_api.py applies get_daily_ipo_close_override in both panel and long-form daily-history anomaly patchers.,True,True,False,False,False,jq_archive,Retain only under a JoinQuant parity profile or archived replay mode.,Can be disabled in local-native mode once IPO handling is expected to follow local data directly.,Delete after the project drops JoinQuant daily-history shape parity.,tools/hook_migration_acceptance.py targeted 2020 IPO override checks,archive_candidate,4,2020,3,4,False,L4,data_shape,strategy_path,False,1,0,2,,
market_data.daily_field_anomalies,rebuild_from_archive.compat.market_data,DAILY_FIELD_ANOMALIES,"rebuild_from_archive/engine\core.py:1211:                        self.compat.get_daily_field_override(code, day_int, field); rebuild_from_archive/engine\data_api.py:167:                self.compat.get_daily_field_override(sec, end_int, field); rebuild_from_archive/engine\data_api.py:222:                    self.compat.get_daily_field_override(sec, end_int, field); rebuild_from_archive/project_compat.py:90:    def get_daily_field_override(self, security, date_int, field):",2020-08-28; 2021-09-10; 2021-11-15; 2022-07-01; 2024-07-16; 2024-12-03; 2024-12-09; 2025-09-29; 2026-05-27,000420.XSHE; 002121.XSHE; 002141.XSHE; 002185.XSHE; 002256.XSHE; 002265.XSHE; 600032.XSHG; 603393.XSHG; 603569.XSHG; 603773.XSHG,open; high; high_limit; money,Patch specific daily field values before selection/state logic consumes them.,data_correction,investigate,"Some rows overlap the externally reported 2026 anomaly window, but that external audit has not been accepted or merged. Others are isolated point answers whose root cause is not yet assigned.","engine/data_api.py and engine/core.py both query get_daily_field_override. Some entries overlap the 2026 window reported in an external, unmerged branch.",True,True,False,False,True,investigation,Split the group into true source-data defects vs JoinQuant-only answers before moving ownership.,Disable only after each remaining point is either archived as JQ-only or repaired upstream.,Delete only after the mixed bundle is decomposed and each member has a final owner.,tools/hook_migration_acceptance.py targeted 2026 corrupted daily fastpath check,investigation_pending,12,2020; 2021; 2022; 2024; 2025; 2026,4,3,False,,data_shape,strategy_path,False,1,0,3,"codex/data-quality-propagation-audit branch, commit b951d3885f09fcc6d455675799a295c569af5439",unreviewed
execution.preopen_reject_cash_below,rebuild_from_archive.compat.execution,PREOPEN_REJECT_CASH_BELOW,"rebuild_from_archive/engine\core.py:471:            should_reject, cash_threshold = self.compat.should_reject_preopen_cash(; rebuild_from_archive/project_compat.py:104:    def should_reject_preopen_cash(self, date_key, time_key, available_cash):",2025-03-19,,available_cash; preopen_order_acceptance,Reject pre-open orders below a recorded cash threshold at a specific timestamp.,jq_platform_behavior,archive_jq_only,"This is a recorded JoinQuant answer for one historical event, not a general exchange rule.",engine/core.py calls compat.should_reject_preopen_cash inside _should_reject_jq_preopen_order.,False,False,True,False,True,jq_archive,Keep under JQ replay only; local-native mode should not inherit date-specific cash floors.,"Safe early-disable candidate when leaving JQ parity, with the expectation that only order acceptance and downstream NAV change.",Delete when JQ pre-open rejection replay is no longer a supported mode.,tools/hook_migration_acceptance.py targeted 2025 preopen cash floor check,archive_candidate,1,2025,2,4,False,L2,order_presence,strategy_path,False,1,0,1,,
execution.preopen_reject_orders,rebuild_from_archive.compat.execution,PREOPEN_REJECT_ORDERS,"rebuild_from_archive/engine\core.py:487:            and self.compat.should_reject_preopen_order(date_key, security); rebuild_from_archive/project_compat.py:108:    def should_reject_preopen_order(self, date_key, security):",,,preopen_order_acceptance,Reject whole pre-open orders for explicit date/code pairs.,jq_platform_behavior,archive_jq_only,This is only meaningful for replaying specific historical JoinQuant refusals.,engine/core.py calls compat.should_reject_preopen_order inside _should_reject_jq_preopen_order.,False,False,True,False,False,jq_archive,Keep only with the archived JQ execution profile.,Can be disabled with JQ parity hooks; impacts order presence but not upstream candidate logic.,Delete after dropping archived JoinQuant pre-open order replay support.,Inventory scan only; current set is empty so retirement risk is low.,archive_candidate,0,,2,3,False,L2,order_presence,strategy_path,True,1,0,1,,
execution.preopen_drop_first_duplicate,rebuild_from_archive.compat.execution,PREOPEN_DROP_FIRST_DUPLICATE,"rebuild_from_archive/engine\core.py:505:            or not self.compat.should_drop_first_preopen_duplicate(date_key, order.security); rebuild_from_archive/project_compat.py:111:    def should_drop_first_preopen_duplicate(self, date_key, security):",2021-04-26; 2021-12-01; 2021-12-08; 2022-08-02; 2022-11-24; 2022-12-02,000547.XSHE; 000600.XSHE; 002120.XSHE; 002508.XSHE; 600072.XSHG; 603589.XSHG,pending_orders,Drop the first duplicate pre-open pending order on recorded dates to match JoinQuant queue behavior.,jq_platform_behavior,archive_jq_only,"This duplicates a platform queue quirk, not a stable project rule.",engine/core.py calls compat.should_drop_first_preopen_duplicate inside _apply_jq_preopen_duplicate_order_anomaly.,False,False,True,False,False,jq_archive,Keep only in the JQ replay profile; local-native should use native duplicate-order handling.,Can be disabled with only order-path effects once JQ parity is no longer required.,Delete after archived JoinQuant duplicate-order replay is retired.,tools/hook_migration_acceptance.py targeted 2021 preopen duplicate check,archive_candidate,6,2021; 2022,2,4,False,L2,order_presence,strategy_path,False,1,0,1,,
execution.execution_price_anomalies,rebuild_from_archive.compat.execution,EXECUTION_PRICE_ANOMALIES,"rebuild_from_archive/engine\core.py:1133:                override = self.compat.get_execution_price_override(day_key, norm_time, security, side); rebuild_from_archive/project_compat.py:94:    def get_execution_price_override(self, date_key, time_key, security, side):",2020-01-16; 2020-01-20; 2020-01-21; 2020-01-22; 2020-02-06; 2020-02-10; 2020-02-11; 2020-02-12; 2020-02-14; 2020-02-18; 2020-02-19; 2020-02-20; 2020-02-24; 2020-02-25; 2020-02-26; 2020-02-27; 2020-03-02; 2020-03-04; 2020-03-05; 2020-03-11; 2020-03-12; 2020-03-13; 2020-03-17; 2020-03-18; 2020-03-19; 2020-03-25; 2020-03-27; 2020-03-30; 2020-03-31; 2020-04-02; 2020-04-03; 2020-04-08; 2020-04-14; 2020-04-15; 2020-04-16; 2020-04-17; 2020-04-22; 2020-04-27; 2020-05-12; 2020-05-14; 2020-05-15; 2020-05-18; 2020-05-19; 2020-05-20; 2020-06-02; 2020-06-03; 2020-06-04; 2020-06-05; 2020-06-08; 2020-06-09; 2020-06-10; 2020-06-11; 2020-06-12; 2020-06-16; 2020-06-17; 2020-06-18; 2020-06-19; 2020-06-22; 2020-06-23; 2020-06-24; 2020-06-29; 2020-06-30; 2020-07-01; 2020-07-03; 2020-07-06; 2020-07-07; 2020-07-08; 2020-07-09; 2020-08-20; 2023-02-27; 2023-03-23; 2023-12-12,000034.XSHE; 000049.XSHE; 000505.XSHE; 000592.XSHE; 000650.XSHE; 000700.XSHE; 000800.XSHE; 000818.XSHE; 000987.XSHE; 002041.XSHE; 002063.XSHE; 002075.XSHE; 002079.XSHE; 002137.XSHE; 002156.XSHE; 002183.XSHE; 002184.XSHE; 002185.XSHE; 002208.XSHE; 002221.XSHE; 002229.XSHE; 002279.XSHE; 002340.XSHE; 002351.XSHE; 002365.XSHE; 002371.XSHE; 002395.XSHE; 002402.XSHE; 002409.XSHE; 002413.XSHE; 002428.XSHE; 002444.XSHE; 002466.XSHE; 002470.XSHE; 002532.XSHE; 002596.XSHE; 002603.XSHE; 002605.XSHE; 002612.XSHE; 002686.XSHE; 002873.XSHE; 002891.XSHE; 002915.XSHE; 002930.XSHE; 002935.XSHE; 300037.XSHE; 300448.XSHE; 300463.XSHE; 300677.XSHE; 600027.XSHG; 600095.XSHG; 600126.XSHG; 600143.XSHG; 600198.XSHG; 600221.XSHG; 600223.XSHG; 600241.XSHG; 600268.XSHG; 600315.XSHG; 600318.XSHG; 600469.XSHG; 600515.XSHG; 600518.XSHG; 600550.XSHG; 600654.XSHG; 600812.XSHG; 600831.XSHG; 600859.XSHG; 600884.XSHG; 600966.XSHG; 600973.XSHG; 600988.XSHG; 601330.XSHG; 601788.XSHG; 601908.XSHG; 601999.XSHG; 603083.XSHG; 603101.XSHG; 603185.XSHG; 603186.XSHG; 603608.XSHG; 603626.XSHG; 603788.XSHG; 603912.XSHG,trade_price,Force execution prices for specific date/time/code/side combinations on the parity path.,jq_platform_behavior,archive_jq_only,"These are historical fill answers, not a general-purpose matcher rule.",engine/core.py queries get_execution_price_override inside _apply_jq_execution_price_anomaly during order matching.,False,False,False,True,True,jq_archive,Archive with the JQ replay execution profile; do not upstream to local-native matching.,Good first-wave disable candidate for local-native if fill-price drift is acceptable.,Delete after JoinQuant execution-price parity is no longer maintained.,tests/test_compat_entrypoints.py::test_minute_and_execution_overrides,archive_candidate,109,2020; 2023,2,4,False,L1A,price,cash_path,False,1,0,1,,
execution.order_amount_anomalies,rebuild_from_archive.compat.execution,ORDER_AMOUNT_ANOMALIES,"rebuild_from_archive/engine\core.py:1147:                override = self.compat.get_order_amount_override(day_key, norm_time, security); rebuild_from_archive/project_compat.py:98:    def get_order_amount_override(self, date_key, time_key, security):",2020-02-10; 2020-03-02; 2020-03-04; 2020-03-09; 2020-03-10; 2020-03-11; 2020-03-12; 2020-03-16; 2020-03-18; 2020-03-27; 2020-03-30; 2020-04-02; 2020-04-13; 2020-04-14; 2020-04-21; 2020-04-24; 2020-04-27; 2020-04-30; 2020-05-18; 2020-06-15; 2020-06-30; 2020-07-02; 2020-07-06; 2020-07-14; 2020-08-20,000592.XSHE; 000700.XSHE; 000800.XSHE; 000859.XSHE; 000987.XSHE; 002022.XSHE; 002063.XSHE; 002075.XSHE; 002221.XSHE; 002365.XSHE; 002444.XSHE; 002596.XSHE; 002612.XSHE; 002661.XSHE; 600027.XSHG; 600086.XSHG; 600095.XSHG; 600126.XSHG; 600241.XSHG; 600400.XSHG; 600654.XSHG; 600856.XSHG; 600966.XSHG; 601975.XSHG; 603912.XSHG,order_amount,Force order quantities for specific pre-open or open events on the mother replay path.,jq_platform_behavior,archive_jq_only,"These are historical mother-path answers, not reusable sizing logic.",engine/core.py applies get_order_amount_override inside _apply_jq_order_amount_anomaly before creating orders.,False,False,True,True,True,jq_archive,Keep only with the archived mother/JQ parity profile.,Can be disabled in local-native mode; expect trade-size and NAV drift but not upstream candidate changes.,Delete when the project stops preserving mother-path quantity parity.,tests/test_compat_entrypoints.py::test_order_amount_sequence_config_and_fill_override,archive_candidate,26,2020,2,4,False,L1B,size,position_path,False,1,0,1,,
execution.fill_amount_anomalies,rebuild_from_archive.compat.execution,FILL_AMOUNT_ANOMALIES,"rebuild_from_archive/engine\core.py:1174:                override = self.compat.get_fill_amount_override(day_key, norm_time, security); rebuild_from_archive/project_compat.py:101:    def get_fill_amount_override(self, date_key, time_key, security):",2020-04-02; 2020-04-16,002041.XSHE; 600086.XSHG,fill_amount,Force fill share counts for specific orders when replaying archived fills.,jq_platform_behavior,archive_jq_only,"This is fill-answer replay, not a generic exchange or broker rule.",engine/core.py applies get_fill_amount_override inside _apply_jq_fill_amount_anomaly during matching.,False,False,False,True,True,jq_archive,Archive with other JQ-only fill answer hooks.,Can be disabled with only fill and NAV consequences once parity mode is not required.,Delete after archived fill-size parity support is retired.,tests/test_compat_entrypoints.py::test_order_amount_sequence_config_and_fill_override,archive_candidate,2,2020,2,4,False,L1B,size,position_path,False,1,0,1,,
call_auction.empty_anomalies,rebuild_from_archive.compat.call_auction,CALL_AUCTION_EMPTY_ANOMALIES,"rebuild_from_archive/engine\data_api.py:759:            df = self.compat.apply_call_auction_overrides(df); rebuild_from_archive/project_compat.py:149:    def apply_call_auction_overrides(self, frame):",2020-03-04; 2021-08-18; 2021-09-01,002897.XSHE; 600804.XSHG; 600982.XSHG; 603908.XSHG,call_auction_rows,Remove specific call-auction rows entirely before candidate logic consumes them.,data_correction,investigate,The current evidence shows row suppression but does not yet prove whether the source is wrong or JoinQuant-only.,project_compat.apply_call_auction_overrides removes rows keyed by CALL_AUCTION_EMPTY_ANOMALIES and engine/data_api.py calls it in get_call_auction.,True,True,False,False,False,investigation,Need source-vs-reference row-level evidence before assigning to HData or JQ archive.,Disable only after call-auction candidate behavior is accepted without these row deletions.,Delete once the source owner is assigned and either repaired upstream or archived as JQ-only.,tests/test_compat_entrypoints.py::test_call_auction_overrides_apply,investigation_pending,4,2020; 2021,2,6,False,,data_shape,strategy_path,False,1,0,1,,
call_auction.allow_only,rebuild_from_archive.compat.call_auction,CALL_AUCTION_ALLOW_ONLY,"rebuild_from_archive/engine\data_api.py:759:            df = self.compat.apply_call_auction_overrides(df); rebuild_from_archive/project_compat.py:149:    def apply_call_auction_overrides(self, frame):",2021-08-18; 2021-12-02,000833.XSHE,call_auction_rows,Restrict a day's auction dataset to an allow-list of codes before ranking.,data_correction,investigate,The allow-list may reflect source contamination or a JQ extract quirk; ownership is not yet proven.,project_compat.apply_call_auction_overrides enforces CALL_AUCTION_ALLOW_ONLY before candidate ranking reads the frame.,True,True,False,False,False,investigation,Need per-day upstream data evidence to decide whether this belongs in HData or the JQ archive bucket.,Disable only after accepting candidate drift for the affected dates in non-parity mode.,Delete after root-cause assignment and either source repair or archival.,tests/test_compat_entrypoints.py::test_call_auction_overrides_apply,investigation_pending,2,2021,2,6,False,,data_shape,strategy_path,False,1,0,1,,
call_auction.depth_overrides,rebuild_from_archive.compat.call_auction,CALL_AUCTION_DEPTH_OVERRIDES,"rebuild_from_archive/engine\data_api.py:759:            df = self.compat.apply_call_auction_overrides(df); rebuild_from_archive/project_compat.py:149:    def apply_call_auction_overrides(self, frame):",2020-09-03; 2021-06-04,000038.XSHE; 002635.XSHE,a1_v,Patch specific call-auction depth fields before candidate ranking.,data_correction,investigate,"These look like source-field corrections, but current evidence is not strong enough to assign them permanently to HData.","project_compat.apply_call_auction_overrides patches the requested columns, and tests assert the 2020-09-03 override.",True,True,False,False,False,investigation,Need raw call-auction depth evidence and a source owner before handoff.,Disable only after proving candidate ranking is acceptable without the patched depth values.,Delete after source ownership is resolved and the patch is either repaired upstream or archived.,tests/test_compat_entrypoints.py::test_call_auction_overrides_apply,investigation_pending,2,2020; 2021,2,6,False,,data_shape,strategy_path,False,1,0,1,,
security_metadata.start_date_overrides,rebuild_from_archive.compat.security_metadata,SECURITY_START_DATE_OVERRIDES,"rebuild_from_archive/engine\data_api.py:992:                    start_date = self.compat.get_security_start_date_override(code); rebuild_from_archive/project_compat.py:118:    def get_security_start_date_override(self, security):",,605123.XSHG; 605255.XSHG; 605369.XSHG; 605399.XSHG,start_date,Replace listing dates for specific securities before IPO-age filters run.,data_correction,investigate,"Listing-date truth belongs to the data layer, but the discrepancy may reflect JoinQuant listing-date conventions rather than HData errors. Pending independent verification.",engine/data_api.py applies get_security_start_date_override while building _stock_basic for get_all_securities().,True,False,False,False,False,hdata_candidate,HData needs a corrected listing-date source or overlay for these securities.,Disable only after stock_basic or its replacement publishes correct PIT listing dates.,Delete after HData ships corrected listing dates and all IPO-age filters read them directly.,tools/hook_migration_acceptance.py targeted 2020 IPO override checks,investigation_pending,4,,2,4,False,,data_shape,strategy_path,False,1,0,1,,
security_metadata.non_st_name_windows,rebuild_from_archive.compat.security_metadata,NON_ST_NAME_WINDOWS,"rebuild_from_archive/engine\data_api.py:107:            return self.compat.apply_security_name_overrides(self, out, date); rebuild_from_archive/project_compat.py:310:    def apply_security_name_overrides(self, api, out, date):",1900-01-01; 2020-02-28; 2020-05-06; 2020-07-15; 2020-08-25; 2020-08-27; 2020-09-09; 2020-10-23; 2020-11-23; 2020-11-30; 2020-12-14; 2020-12-18; 2021-01-14; 2021-04-21; 2021-09-10; 2021-12-10; 2022-02-07; 2022-02-08; 2022-02-10; 2022-02-15; 2022-03-02; 2022-03-15; 2022-04-01; 2022-04-19; 2022-07-05; 2023-01-03; 2023-03-22; 2023-04-10; 2023-06-01; 2024-04-22; 2024-06-07; 2024-06-20; 2024-06-27; 2024-07-15; 2024-08-07; 2025-07-22; 2025-07-24; 2026-02-12,000506.XSHE; 000584.XSHE; 000585.XSHE; 000673.XSHE; 000839.XSHE; 000980.XSHE; 002052.XSHE; 002086.XSHE; 002141.XSHE; 002147.XSHE; 002192.XSHE; 002256.XSHE; 002470.XSHE; 002638.XSHE; 002684.XSHE; 600091.XSHG; 600093.XSHG; 600145.XSHG; 600146.XSHG; 600191.XSHG; 600242.XSHG; 600255.XSHG; 600518.XSHG; 600532.XSHG; 600654.XSHG; 600666.XSHG; 600687.XSHG; 600702.XSHG; 600711.XSHG; 600856.XSHG; 601020.XSHG; 603003.XSHG; 603030.XSHG; 603268.XSHG; 603880.XSHG,display_name,Strip future ST or delisting markers from PIT display names inside explicit date windows.,data_correction,investigate,"Historical security-name state is source metadata, but the divergence may stem from JoinQuant name-history conventions vs local data PIT snapshots. Pending independent verification.",project_compat.apply_security_name_overrides applies NON_ST_NAME_WINDOWS after reading daily ST state and before strategy filters consume display_name.,True,False,False,False,False,hdata_candidate,HData needs PIT name history or equivalent metadata to eliminate these date-window strips.,Disable only after display_name is PIT-correct for affected windows.,Delete after PIT name history is available and strategy filters no longer need compat name surgery.,tools/hook_migration_acceptance.py targeted 2021 ST name window check,investigation_pending,35,1900; 2020; 2021; 2022; 2023; 2024; 2025; 2026,2,5,False,,data_shape,strategy_path,False,1,1,0,,
security_metadata.special_display_name_rules,rebuild_from_archive.project_compat,EmotionGateJQCompat.apply_security_name_overrides,"rebuild_from_archive/engine\data_api.py:107:            return self.compat.apply_security_name_overrides(self, out, date); rebuild_from_archive/project_compat.py:310:    def apply_security_name_overrides(self, api, out, date):",2020-05-07; 2022-04-18,001270.XSHE; 600856.XSHG,display_name,"Apply extra security-name compatibility rules beyond the window table, including explicit special-code branches.",unknown,investigate,The special-case branches mix PIT naming concerns with hardcoded stock-specific logic and need decomposition before ownership can be assigned.,project_compat.apply_security_name_overrides contains special handling for 001270.XSHE and 600856.XSHG outside NON_ST_NAME_WINDOWS.,True,False,False,False,False,investigation,Split general PIT name logic from single-stock legacy rules and re-evaluate ownership.,Disable only after each remaining special-case is either absorbed by PIT metadata or explicitly archived as JQ-only.,Delete after the method no longer needs stock-specific name branches.,Inventory scan and manual review of project_compat.apply_security_name_overrides branches,investigation_pending,2,2020; 2022,2,5,False,,data_shape,strategy_path,False,1,1,0,,
security_metadata.adjust_extras_is_st,rebuild_from_archive.project_compat,EmotionGateJQCompat.adjust_extras_is_st,"rebuild_from_archive/engine\data_api.py:1031:                is_st = self.compat.adjust_extras_is_st(self, s, ds_dt, is_st); rebuild_from_archive/project_compat.py:354:    def adjust_extras_is_st(self, api, security, date, is_st):",2020-05-07; 2024-05-01; 2024-06-03,600856.XSHG,is_st; display_name; end_date,Override is_st results using PIT name and end-date heuristics for specific windows and codes.,data_correction,investigate,"ST state and delisting-state truth should come from source metadata, but the divergence may reflect JoinQuant ST classification conventions rather than HData errors. Pending verification.","engine/data_api.py calls compat.adjust_extras_is_st from get_extras('is_st', ...), and project_compat.py embeds date windows and name/end_date heuristics.",True,False,False,False,False,hdata_candidate,HData needs PIT ST status and delisting-state history that match the project's required query dates.,Disable only after get_extras('is_st') reads corrected PIT ST state directly.,Delete after ST state is natively correct and the project no longer patches it post-query.,tools/hook_migration_acceptance.py targeted 2024 ST rule check,investigation_pending,3,2020; 2024,2,4,False,,data_shape,strategy_path,False,1,0,1,,
security_metadata.billboard_row_filters,rebuild_from_archive.compat.security_metadata,BILLBOARD_ROW_FILTERS,"rebuild_from_archive/engine\data_api.py:1073:                df = self.compat.filter_billboard_rows(df); rebuild_from_archive/project_compat.py:369:    def filter_billboard_rows(self, frame):",2020-02-26; 2022-08-25,600146.XSHG; 603721.XSHG,billboard_rows,Drop specific billboard rows before strategy-side candidate logic reads them.,data_correction,investigate,"This looks like data cleanup, but the current evidence does not yet prove whether the underlying billboard source or JoinQuant export is wrong.","engine/data_api.py calls compat.filter_billboard_rows in get_billboard_list, and project_compat.filter_billboard_rows keys off BILLBOARD_ROW_FILTERS.",True,False,False,False,False,investigation,Need row-level upstream billboard evidence before assigning to HData or archive-only replay.,Disable only after validating candidate behavior on affected dates without the row drop.,Delete after root cause is assigned and addressed by the right owner.,tools/run_counterfactual_2024_000506_billboard_filter.py demonstrates nearby workflow but not full retirement criteria.,investigation_pending,2,2020; 2022,2,6,False,,data_shape,strategy_path,False,1,0,1,,
instrument_fallbacks.price_fallbacks,rebuild_from_archive.compat.instrument_fallbacks,INSTRUMENT_PRICE_FALLBACKS,"rebuild_from_archive/engine\data_api.py:400:            fallback = self.compat.get_instrument_price_fallback(; rebuild_from_archive/project_compat.py:121:    def get_instrument_price_fallback(self, security, start_date=None, end_date=None):",2024-01-02; 2024-01-03; 2024-01-04; 2024-01-05; 2024-01-08; 2024-01-09; 2024-01-10; 2024-01-11; 2024-01-12; 2024-01-15; 2024-01-16; 2024-01-17; 2024-01-18; 2024-01-19; 2024-01-22; 2024-01-23; 2024-01-24; 2024-01-25; 2024-01-26; 2024-01-29; 2024-01-30; 2024-01-31; 2024-02-01; 2024-04-01; 2024-05-06,511880.XSHG,open; close; high; low; volume; money,Serve synthetic daily prices for instruments missing or unusable in the local data path.,data_correction,investigate,"Instrument price history should come from the data layer, but the absence may reflect data-coverage gaps rather than HData errors. Pending verification.",engine/data_api.py short-circuits get_price via compat.get_instrument_price_fallback before touching local price tables.,True,False,True,False,True,hdata_candidate,HData needs complete and trustworthy history for the fallback instruments or an explicit supported-source overlay.,Disable only after local data can serve these instruments directly without synthetic rows.,Delete after HData publishes native coverage and no call path reaches get_instrument_price_fallback.,tests/test_compat_entrypoints.py::test_strategy_state_override_and_instrument_fallback,investigation_pending,1,2024,2,4,False,,data_shape,position_path,False,1,0,1,,
instrument_fallbacks.zero_fee_overrides,rebuild_from_archive.compat.instrument_fallbacks,ZERO_FEE_OVERRIDES,"rebuild_from_archive/engine\core.py:403:                    if self._has_zero_fee_override(security):; rebuild_from_archive/engine\core.py:426:                if self._has_zero_fee_override(security):; rebuild_from_archive/engine\core.py:451:    def _has_zero_fee_override(self, security):; rebuild_from_archive/engine\core.py:455:            and self.compat.has_zero_fee_override(security); rebuild_from_archive/engine\core.py:797:            if self._has_zero_fee_override(security):; rebuild_from_archive/engine\core.py:811:                if self._has_zero_fee_override(security):; rebuild_from_archive/engine\core.py:830:        if self._has_zero_fee_override(security):; rebuild_from_archive/project_compat.py:146:    def has_zero_fee_override(self, security):",,511880.XSHG,commission; tax,Treat specific instruments as zero-fee in the engine fee path.,market_rule,move_to_local_quant,"Fee classification belongs in the generic instrument/fee model, not in project compat constants.",engine/core.py calls compat.has_zero_fee_override from buy/sell fee estimation and realized fee logic.,False,False,False,True,True,local_quant,local_quant needs instrument-class-aware fee configuration that covers these cases natively.,Disable only after fee policy is modeled in local_quant by instrument type or explicit configuration.,Delete after engine/core.py no longer checks compat.has_zero_fee_override and fee policy is generic.,tests/test_compat_entrypoints.py::test_strategy_state_override_and_instrument_fallback,handoff_pending,1,,8,5,False,,fee,nav_only,False,2,0,6,,
strategy_state.fb_state_overrides,rebuild_from_archive.compat.strategy_state,FB_STATE_OVERRIDES,"rebuild_from_archive/project_compat.py:174:    def apply_strategy_state_override(self, stage, context, state=None):; rebuild_from_archive/project_compat.py:75:            ""apply_project_strategy_compat"": lambda stage, context, state=None: self.apply_strategy_state_override(; 母版-20260506-Clone.py:266:    apply_project_strategy_compat(""after_fb_state"", context, g); 母版-20260506-Clone.py:271:    apply_project_strategy_compat(""after_v227_shock"", context, g)",2020-08-05; 2020-08-26; 2020-09-17,,first_board_perf; fb_pct; fb_perf_history,Force first-board performance state snapshots on specific dates after fb-state computation.,jq_platform_behavior,archive_jq_only,These dates preserve historical JoinQuant state answers and do not represent a reusable project rule.,"母版-20260506-Clone.py calls apply_project_strategy_compat('after_fb_state', ...) and project_compat.apply_strategy_state_override applies FB_STATE_OVERRIDES.",True,True,True,False,False,jq_archive,Keep only with the archived JQ replay profile; local-native state should derive from native computations.,Do not disable until local-native mode explicitly accepts candidate/state divergence on these dates.,Delete after the project stops supporting JoinQuant state-snapshot replay.,tests/test_compat_entrypoints.py::test_strategy_state_override_and_instrument_fallback,archive_candidate,3,2020,4,14,False,L3,state,strategy_path,False,1,0,3,,
strategy_state.v227_shock_overrides,rebuild_from_archive.compat.strategy_state,V227_SHOCK_OVERRIDES,"rebuild_from_archive/project_compat.py:174:    def apply_strategy_state_override(self, stage, context, state=None):; rebuild_from_archive/project_compat.py:75:            ""apply_project_strategy_compat"": lambda stage, context, state=None: self.apply_strategy_state_override(; 母版-20260506-Clone.py:266:    apply_project_strategy_compat(""after_fb_state"", context, g); 母版-20260506-Clone.py:271:    apply_project_strategy_compat(""after_v227_shock"", context, g)",2023-02-17,,v227_shock_cooldown,Force v227 shock cooldown state on a recorded retreat day after the strategy computes shock state.,jq_platform_behavior,archive_jq_only,"This is a historical parity answer for one state transition, not a general strategy definition.","母版-20260506-Clone.py calls apply_project_strategy_compat('after_v227_shock', ...) and project_compat.apply_strategy_state_override applies V227_SHOCK_OVERRIDES.",True,True,True,False,False,jq_archive,Keep only for archived JQ replay; local-native should use native state transitions.,Do not disable until the project accepts branch-trigger drift for the affected date in local-native mode.,Delete after JQ shock-state replay is retired.,tools/hook_migration_acceptance.py targeted 2023 v227 shock check,archive_candidate,1,2023,4,14,False,L3,state,strategy_path,False,1,0,3,,
project_feature.first_seal_loader,rebuild_from_archive.project_compat,EmotionGateJQCompat.load_first_seal_year,"rebuild_from_archive/engine\data_api.py:820:            return self.compat.load_first_seal_year(year); rebuild_from_archive/engine\data_api.py:838:    def get_batch_sealing_points(self, securities, date):; rebuild_from_archive/project_compat.py:224:    def load_first_seal_year(self, year):; 母版-20260506-Clone.py:798:            sealing_times = get_batch_sealing_points(g.yjj_candidates, yday)",,,first_limit_hit_time; project_cache/features/first_seal_time,Load and filter project first-seal cache rows before runtime sealing-point lookups use them.,project_infrastructure,retain_in_project,"This is a project feature-cache integration point, not a generic market rule or external data fact.",engine/data_api.py delegates _load_project_first_seal_year to compat.load_first_seal_year and get_batch_sealing_points consumes the result.,True,False,False,False,False,emotion_gating_project,Retain while project-specific feature caches remain part of the strategy runtime.,Disable only if first-seal cache loading is removed or replaced by a different project feature pipeline.,Delete after the project no longer uses first_seal_time cache lookups in runtime or has moved them into a different project-owned service.,Inventory scan: verifies first_seal_time cache is loaded through compat integration point,retain,1,,4,11,False,,infrastructure,strategy_path,False,2,1,1,,
project_feature.board_snapshot_accessor,rebuild_from_archive.project_compat,EmotionGateJQCompat.get_project_board_snapshot,"rebuild_from_archive/engine\data_api.py:823:    def get_project_board_snapshot(self, date):; rebuild_from_archive/engine\data_api.py:825:            return self.compat.get_project_board_snapshot(date); rebuild_from_archive/project_compat.py:247:    def get_project_board_snapshot(self, date):; rebuild_from_archive/project_compat.py:67:                engine.data_api.get_project_board_snapshot(*a, **kw); 母版-20260506-Clone.py:564:        board_df = get_project_board_snapshot(context.previous_date); 母版-20260506-Clone.py:666:        board_df = get_project_board_snapshot(context.previous_date)",,,board_snapshot; board_count; is_first_board,Expose project board-snapshot cache rows to strategy code as a project-specific fast path.,project_infrastructure,retain_in_project,"Board snapshot is a project-derived feature accessor, not alpha logic. It belongs to the project infrastructure layer.",母版-20260506-Clone.py reads get_project_board_snapshot(context.previous_date) for board scans; engine/data_api.py delegates through compat.,True,True,False,False,False,emotion_gating_project,Retain while the strategy depends on board_snapshot cache acceleration and project-specific data-quality policy.,Disable only if strategy switches to a different project-owned feature source or recomputes the logic natively.,Delete after project runtime no longer depends on board_snapshot compat exposure.,Inventory scan: verifies board_snapshot compat is used by strategy code on main path,retain,1,,6,7,False,,infrastructure,strategy_path,False,2,2,2,,
project_feature.master_prepare_index_accessor,rebuild_from_archive.project_compat,EmotionGateJQCompat.get_project_master_prepare_index,"rebuild_from_archive/engine\data_api.py:828:    def get_project_master_prepare_index(self, date):; rebuild_from_archive/engine\data_api.py:830:            return self.compat.get_project_master_prepare_index(date); rebuild_from_archive/project_compat.py:256:    def get_project_master_prepare_index(self, date):; rebuild_from_archive/project_compat.py:70:                engine.data_api.get_project_master_prepare_index(*a, **kw)",,,master_prepare_index,Expose the project's master_prepare_index cache to runtime callers through compat.,project_infrastructure,investigate,"Main path has no direct strategy consumer. If only definition and forwarding exist without strategy usage, it should enter unused cleanup candidate.",engine/data_api.py delegates get_project_master_prepare_index through compat; no direct strategy consumer is currently present on the main path.,True,True,False,False,False,emotion_gating_project,"Confirm if there are real runtime consumers. If only definition and forwarding without strategy usage, enter unused cleanup candidate.",Disable only if the project removes this cache or rewires the consumer path.,Delete after there are no project callers and no fast-path cache exposure for master_prepare_index.,Inventory scan should flag that current direct runtime call sites are limited.,investigation_pending,1,,4,4,False,,infrastructure,strategy_path,False,2,2,0,,
project_feature.auction_yiqian_prepare_accessor,rebuild_from_archive.project_compat,EmotionGateJQCompat.get_project_auction_yiqian_prepare,"rebuild_from_archive/engine\data_api.py:833:    def get_project_auction_yiqian_prepare(self, date):; rebuild_from_archive/engine\data_api.py:835:            return self.compat.get_project_auction_yiqian_prepare(date); rebuild_from_archive/project_compat.py:263:    def get_project_auction_yiqian_prepare(self, date):; rebuild_from_archive/project_compat.py:73:                engine.data_api.get_project_auction_yiqian_prepare(*a, **kw); 母版-20260506-Clone.py:1058:        cached = get_project_auction_yiqian_prepare(context.current_dt)",,,auction_yiqian_prepare; left_ok,Expose cached auction_yiqian_prepare rows to strategy code and patch left-pressure checks onto them.,project_infrastructure,retain_in_project,"This accessor is specific to the project's derived candidate-preparation feature set, not strategy alpha logic.","母版-20260506-Clone.py reads get_project_auction_yiqian_prepare(context.current_dt), and project_compat.get_project_auction_yiqian_prepare also runs project-specific left-pressure logic.",True,True,False,False,False,emotion_gating_project,Retain while auction_yiqian_prepare remains part of the project feature graph.,Disable only if the project removes this cache path or replaces it with a different project-owned feature service.,Delete after no runtime caller depends on auction_yiqian_prepare compat exposure.,Inventory scan: verifies auction_yiqian_prepare compat is consumed by strategy code,retain,1,,5,5,False,,infrastructure,strategy_path,False,2,2,1,,
project_feature.call_auction_day_loader,rebuild_from_archive.project_compat,EmotionGateJQCompat.load_project_call_auction_day,"rebuild_from_archive/engine\data_api.py:806:            out = self.compat.load_project_call_auction_day(self, day); rebuild_from_archive/project_compat.py:288:    def load_project_call_auction_day(self, api, day):",,,call_auction_by_date,Swap the generic call-auction year read for the project's by-date cache when available.,project_infrastructure,retain_in_project,"This is a project cache integration point for a derived feature layout, not strategy alpha logic.",engine/data_api.py calls compat.load_project_call_auction_day from _get_call_auction_day before falling back to raw 1d_feature/call_auction.,True,False,False,False,False,emotion_gating_project,Retain while the project prefers its by-date call-auction cache layout.,Disable only if runtime stops consulting the project call_auction_by_date cache.,Delete after the project no longer needs this alternate loader path.,Inventory scan: verifies call_auction_by_date cache loader is consumed via compat,retain,1,,2,4,False,,infrastructure,strategy_path,False,1,0,1,,
project_feature.strategy_namespace_bridge,rebuild_from_archive.project_compat,EmotionGateJQCompat.namespace_entries/apply_project_strategy_compat,"rebuild_from_archive/engine\core.py:222:            self.namespace.update(self.compat.namespace_entries(self)); rebuild_from_archive/project_compat.py:64:    def namespace_entries(self, engine):; 母版-20260506-Clone.py:266:    apply_project_strategy_compat(""after_fb_state"", context, g); 母版-20260506-Clone.py:271:    apply_project_strategy_compat(""after_v227_shock"", context, g)",,,strategy_state,"Inject project-owned compat entrypoints into the strategy namespace, including the strategy-state bridge.",project_infrastructure,retain_in_project,Namespace wiring is project infrastructure that allows strategy code to call project-owned compatibility services. The bridge itself is infrastructure; JQ history overrides called through it are archive_jq_only.,"Engine.__init__ merges compat.namespace_entries(self), and 母版-20260506-Clone.py calls apply_project_strategy_compat(...) at fixed stages.",True,True,False,False,False,emotion_gating_project,Retain until project-owned feature and state hooks are redesigned or removed.,Disable only after the strategy no longer expects these injected entrypoints.,Delete after project compat entrypoints are removed or replaced by a new project extension surface.,Inventory scan plus tests/test_compat_entrypoints.py state override checks,retain,1,,4,13,False,,infrastructure,strategy_path,False,1,0,3,,
engine.checkpoint_resume_hook,rebuild_from_archive.engine.core,Engine.set_resume_state/_apply_resume_state,"rebuild_from_archive/engine\core.py:133:        # EMOTION_GATE_COMPAT_HOOK:; rebuild_from_archive/engine\core.py:1573:        self._apply_resume_state(); rebuild_from_archive/engine\core.py:230:    def set_resume_state(self, state):; rebuild_from_archive/engine\core.py:231:        """"""EMOTION_GATE_COMPAT_HOOK: install an application checkpoint state.""""""; rebuild_from_archive/engine\core.py:234:    def _apply_resume_state(self):; rebuild_from_archive/engine\core.py:235:        """"""EMOTION_GATE_COMPAT_HOOK: restore portfolio and strategy globals.""""""",,,portfolio; g_data; order_id_counter,Restore project checkpoint state into the engine before the run loop starts.,project_infrastructure,retain_in_project,"This is a project warm-start/checkpoint integration hook, not a JQ historical fact bundle or strategy alpha logic. May be migrated to shared engine extension API in the future.",engine/core.py marks the resume hook with EMOTION_GATE_COMPAT_HOOK comments and tools/run_counterfactual_2024_000506_billboard_filter.py uses engine.set_resume_state(...).,True,True,True,False,True,emotion_gating_project,Retain until checkpoint responsibilities are redesigned outside the generic engine or explicitly migrated to a shared extension API.,Disable only after all checkpoint-based workflows are removed or replaced.,Delete after no workflow uses set_resume_state and checkpoint restore is moved elsewhere.,Inventory scan of EMOTION_GATE_COMPAT_HOOK sites and manual workflow reference in tools/run_counterfactual_2024_000506_billboard_filter.py,retain,1,,6,4,False,,infrastructure,strategy_path,False,2,0,4,,
legacy.public_data_api_shim,rebuild_from_archive.data_api,rebuild_from_archive.data_api.DataAPI,,,,public_import_path,Re-export the archived legacy DataAPI implementation from the old public import path.,unknown,investigate,"This is a compatibility entrypoint for legacy/manual callers, but its external dependency surface is not fully inventoried yet.",rebuild_from_archive/data_api.py dynamically loads rebuild_from_archive/legacy/data_api_legacy.py; legacy/README.md lists only the public shim as a known in-repo caller.,False,False,False,False,False,emotion_gating_project,Need an explicit caller audit across manual workflows before deleting the public shim.,Disable only after external/manual callers are confirmed gone or migrated to engine/data_api.py.,Delete after the public import path is unused and legacy workflows have been redirected.,Inventory scan should mark this as having no active main-path runtime call sites inside the repo.,investigation_pending,1,,0,13,True,,infrastructure,none,False,0,0,0,,
legacy.temporary_fallbacks_shim,rebuild_from_archive.engine.temporary_fallbacks,get_price_fallback/has_zero_fee_fallback,,,,fallback_import_path,Closed shim that intentionally returns no fallback so old imports do not introduce a second fact source.,unknown,investigate,"This module exists only to absorb deprecated imports from the old JQ parity path. It is a legacy cleanup item, not a strategy ablation variable.",rebuild_from_archive/engine/temporary_fallbacks.py documents itself as a non-operative shim and current repo scan shows no active runtime caller.,False,False,False,False,False,emotion_gating_project,Keep only until any remaining legacy imports are proven gone; do not add new callers.,Can be removed once import-path audit confirms there are no remaining users.,Delete after repo and external workflow scans prove the shim is unused.,Inventory scan should flag no active runtime call sites for temporary_fallbacks.,investigation_pending,1,,0,2,True,cleanup-only,none,none,False,0,0,0,,
