handler,stage,count
buy_auction_yiqian,AFTER,242
buy_auction_yiqian,BEFORE,242
buy_rzq,AFTER,242
buy_rzq,BEFORE,242
buy_v227_一进二,AFTER,242
buy_v227_一进二,BEFORE,242
buy_v227_天蝎座,AFTER,242
buy_v227_天蝎座,BEFORE,242
buy_zb,AFTER,242
buy_zb,BEFORE,242
check_stop_all,AFTER,242
check_stop_all,BEFORE,242
prepare_all,AFTER,242
prepare_all,BEFORE,242
sell_auction_yiqian,AFTER,484
sell_auction_yiqian,BEFORE,484
sell_rzq_slots,AFTER,726
sell_rzq_slots,BEFORE,726
sell_v227_afternoon,AFTER,242
sell_v227_afternoon,BEFORE,242
sell_v227_midday,AFTER,242
sell_v227_midday,BEFORE,242
sell_v227_morning,AFTER,242
sell_v227_morning,BEFORE,242
sell_zb_slots,AFTER,726
sell_zb_slots,BEFORE,726
tag_leaders,AFTER,242
tag_leaders,BEFORE,242
